Items Scraped,Search Word,Product,ASIN,Brand,Category,Seller,Price,Image,Customer Images,URL,MPN,ISBN
1,gardening,"Garden Genie Gloves, Waterproof Garden Gloves with Claw For Digging Planting, Best Gardening Gifts for Women and Men. (Purple)",B07H9MSXRS,XJYAMUS,"Patio,Lawn&Garden
›
Gardening&LawnCare
›
Gloves&ProtectiveGear
›
Gloves",XJYAMUS,11.99,https://images-na.ssl-images-amazon.com/images/I/61X0ALcj9zL._AC_SX569_.jpg,"['https://images-na.ssl-images-amazon.com/images/I/51mu-lNZe3L._CR0,63,378,378_UX175.jpg', 'https://images-na.ssl-images-amazon.com/images/I/91o9ZTxlG1L._CR0,521,986,986_UX175.jpg']",https://www.amazon.com//Garden-Waterproof-Digging-Planting-Gardening/dp/B07H9MSXRS/ref=sr_1_2?dchild=1&keywords=gardening&qid=1596849184&sr=8-2,N/A,N/A
2,gardening,"Gorilla Grip Original Premium Thick Kneeling Pad, Comfortable Foam Mat to Kneel On, Knee Pad Cushion for Gardening, Yard Work, Yoga, and Floor Kneeler for Baby Bath, 17.5 x 11 Inch x 1.5 Inch, Beige",B07QN89LKX,"Hills Point Industries, LLC","Patio,Lawn&Garden
›
Gardening&LawnCare
›
Gloves&ProtectiveGear
›
KneePads&KneelingCushions",Gorilla Grip,14.89,https://images-na.ssl-images-amazon.com/images/I/616B6xIwnRL._AC_SY355_.jpg,"['https://images-na.ssl-images-amazon.com/images/I/71Q7df6BDYL._CR0,204,1224,1224_UX175.jpg', 'https://images-na.ssl-images-amazon.com/images/I/71AkAtC5vlL._CR0,180,1080,1080_UX175.jpg', 'https://images-na.ssl-images-amazon.com/images/I/71PBgFOsyaL._CR0,204,1224,1224_UX175.jpg', 'https://images-na.ssl-images-amazon.com/images/I/81+XzhoguFL._CR0,204,1224,1224_UX175.jpg']",https://www.amazon.com//Gorilla-Grip-Original-Comfortable-Gardening/dp/B07QN89LKX/ref=sr_1_3?dchild=1&keywords=gardening&qid=1596849184&sr=8-3,N/A,N/A
3,gardening,"All New Square Foot Gardening, 3rd Edition, Fully Updated: MORE Projects - NEW Solutions - GROW Vegetables Anywhere (All New Square Foot Gardening (9))",0760362858,N/A,"Books
›
Crafts,Hobbies&Home
›
Gardening&LandscapeDesign",N/A,N/A,N/A,"['https://images-na.ssl-images-amazon.com/images/I/81mdbul66+L._CR204,0,1224,1224_UX175.jpg', 'https://images-na.ssl-images-amazon.com/images/I/913LO+a9PGL._CR204,0,1224,1224_UX175.jpg', 'https://images-na.ssl-images-amazon.com/images/I/719VbbV0kOL._CR0,204,1224,1224_UX175.jpg', 'https://images-na.ssl-images-amazon.com/images/I/71QXotKEVxL._CR0,204,1224,1224_UX175.jpg']",https://www.amazon.com//Square-Foot-Gardening-Fully-Updated/dp/0760362858/ref=sr_1_14?dchild=1&keywords=gardening&qid=1596849184&sr=8-14,N/A,978-0760362853
4,gardening,"Thick Kneeling Pad, Garden Kneeler for Gardening, Bath Kneeler for Baby Bath, Kneeling Mat for Exercise & Yoga, Knee Pad for Work, Floor Foam Pad, Extra Large (XL) 18 x 11 x 1.5 Inches, Blue",B01EQFBZ7G,RED Creations Group,"Patio,Lawn&Garden
›
Gardening&LawnCare
›
Gloves&ProtectiveGear
›
KneePads&KneelingCushions",Brand: RED Home Club,13.97,https://images-na.ssl-images-amazon.com/images/I/914Y3JKwR9L._AC_SY450_.jpg,"['https://images-na.ssl-images-amazon.com/images/I/61-Vz-njAFL._CR189,0,486,486_UX175.jpg', 'https://images-na.ssl-images-amazon.com/images/I/619aL8zhVSL._CR189,0,486,486_UX175.jpg', 'https://images-na.ssl-images-amazon.com/images/I/71ZUZoXyJDL._CR0,204,1224,1224_UX175.jpg', 'https://images-na.ssl-images-amazon.com/images/I/81Yvaugnx9L._CR110,0,1308,1308_UX175.jpg']",https://www.amazon.com//RED-Home-Club-Thick-Kneeling/dp/B01EQFBZ7G/ref=sr_1_16?dchild=1&keywords=gardening&qid=1596849184&sr=8-16,RHC-KP-1,N/A
5,gardening,The Week-by-Week Vegetable Gardener's Handbook: Make the Most of Your Growing Season,1603426949,N/A,"Books
›
Crafts,Hobbies&Home
›
Gardening&LandscapeDesign",N/A,16.08,N/A,"['https://images-na.ssl-images-amazon.com/images/I/810ePneD0eL._CR0,204,1224,1224_UX175.jpg', 'https://images-na.ssl-images-amazon.com/images/I/81CLP3msJPL._CR0,197,1230,1230_UX175.jpg', 'https://images-na.ssl-images-amazon.com/images/I/81rrpSSO4iL._CR0,204,1224,1224_UX175.jpg', 'https://images-na.ssl-images-amazon.com/images/I/71mGwkFjccL._CR412,0,1060,1060_UX175.jpg']",https://www.amazon.com//Week-Week-Vegetable-Gardeners-Handbook/dp/1603426949/ref=sr_1_20?dchild=1&keywords=gardening&qid=1596849184&sr=8-20,N/A,978-1603426947
6,gardening,"Classic Home and Garden S1027D-265R Whiskey Barrel, 20.5"", Distressed Oak",B06XGWBJ8Q,Classic Home and Garden,"Patio,Lawn&Garden
›
Gardening&LawnCare
›
Pots,Planters&ContainerAccessories
›
Planters",Visit the Classic Home and Garden Store,23.99,https://images-na.ssl-images-amazon.com/images/I/81m0knSyWHL._AC_SX522_.jpg,"['https://images-na.ssl-images-amazon.com/images/I/812jBHpA2xL._CR204,0,1224,1224_UX175.jpg', 'https://images-na.ssl-images-amazon.com/images/I/81xKDObPjGL._CR204,0,1224,1224_UX175.jpg', 'https://images-na.ssl-images-amazon.com/images/I/81Bq6U2S8zL._CR0,204,1224,1224_UX175.jpg', 'https://images-na.ssl-images-amazon.com/images/I/71uRYESm6XL._CR0,412,1060,1060_UX175.jpg']",https://www.amazon.com//Classic-Home-Garden-HD1-1027-DisOak/dp/B06XGWBJ8Q/ref=sr_1_21?dchild=1&keywords=gardening&qid=1596849184&sr=8-21,S1027D-2,N/A
7,gardening,Plant Theatre Funky Veg KIT Gift Box - 5 Extraordinary Vegetables to Grow -Everything You Need to Start Growing in one Box! Super Grow Kit Gift,B0060Y60YU,Plant Theatre,"Patio,Lawn&Garden
›
Gardening&LawnCare
›
Plants,Seeds&Bulbs
›
Flowers",Plant Theatre,26.99,https://images-na.ssl-images-amazon.com/images/I/5124bWzGFJL._AC_.jpg,"['https://images-na.ssl-images-amazon.com/images/I/813+lA2KL3L._CR204,0,1224,1224_UX175.jpg', 'https://images-na.ssl-images-amazon.com/images/I/81ZCV9BABgL._CR0,202,1116,1116_UX175.jpg', 'https://images-na.ssl-images-amazon.com/images/I/81rD15SCUBL._CR0,72,1224,1224_UX175.jpg', 'https://images-na.ssl-images-amazon.com/images/I/81zEfWidWdL._CR0,29,1060,1060_UX175.jpg']",https://www.amazon.com//Plant-Theatre-Funky-Gift-Extraordinary/dp/B0060Y60YU/ref=sr_1_22?dchild=1&keywords=gardening&qid=1596849184&sr=8-22,N/A,N/A
8,gardening,HOMENOTE 60pcs Bamboo Plant Labels (6 x 10 cm) with Bonus a Pen Vegetable Garden Markers T-Type Plant Tags for Plants,B07R3FR392,HOMENOTE,"Patio,Lawn&Garden
›
Gardening&LawnCare
›
Pots,Planters&ContainerAccessories
›
PlantContainerAccessories
›
PlantLabels",Visit the HOMENOTE Store,13.99,https://images-na.ssl-images-amazon.com/images/I/71ANTKMoW%2BL._AC_SX466_.jpg,"['https://images-na.ssl-images-amazon.com/images/I/71ZTb7sO8OL._CR204,0,1224,1224_UX175.jpg', 'https://images-na.ssl-images-amazon.com/images/I/816IZMR6Z1L._CR204,0,1224,1224_UX175.jpg', 'https://images-na.ssl-images-amazon.com/images/I/81u0HxftXOL._CR204,0,1224,1224_UX175.jpg', 'https://images-na.ssl-images-amazon.com/images/I/81KTgZ0VM-L._CR0,204,1224,1224_UX175.jpg']",https://www.amazon.com//HOMENOTE-Bamboo-Labels-Vegetable-Markers/dp/B07R3FR392/ref=sr_1_24?dchild=1&keywords=gardening&qid=1596849184&sr=8-24,N/A,N/A
9,gardening,HENMI Avocado Planting Seed Bowl Avocado Tree Growing Kit Garden Gifts for Indoor Balcony Planting/Kitchen Gift Office Gifts Garden Seed Starter Gift/Practical Gardening Gifts for Women(without seeds),B07V4RX5MJ,HENMI,"Patio,Lawn&Garden
›
Gardening&LawnCare
›
Pots,Planters&ContainerAccessories",HENMI,10.59,https://images-na.ssl-images-amazon.com/images/I/6162J0ehB0L._AC_SX466_.jpg,"['https://images-na.ssl-images-amazon.com/images/I/71QNsxG7l1L._CR0,0,1414,1414_UX175.jpg', 'https://images-na.ssl-images-amazon.com/images/I/612GXZQL1oL._CR204,0,1224,1224_UX175.jpg', 'https://images-na.ssl-images-amazon.com/images/I/71PLY29jouL._CR204,0,1224,1224_UX175.jpg', 'https://images-na.ssl-images-amazon.com/images/I/71ZyxDxxH2L._CR204,0,1224,1224_UX175.jpg']",https://www.amazon.com//HENMI-Planting-Germinator-Practical-Gardening/dp/B07V4RX5MJ/ref=sr_1_30?dchild=1&keywords=gardening&qid=1596849184&sr=8-30,N/A,N/A
10,gardening,Garden Tools Set - 9 Piece Gardening Kit - Easy to Carry Tote Bag - Pretty Floral Design - Ergonomic Wooden Handle - Heavy Duty - Bonus Gloves and Cutter - Machine Washable - Great as a Gift,B07QQ3C6L4C,Abco Tech,"Patio,Lawn&Garden
›
Gardening&LawnCare
›
HandTools
›
ToolSets",Abco Tech,32.95,https://images-na.ssl-images-amazon.com/images/I/91eHTOAZCQL._AC_SX569_.jpg,"['https://images-na.ssl-images-amazon.com/images/I/81GaKQGB18L._CR0,204,1224,1224_UX175.jpg', 'https://images-na.ssl-images-amazon.com/images/I/81YuFrB6T-L._CR204,0,1224,1224_UX175.jpg', 'https://images-na.ssl-images-amazon.com/images/I/81oaMNHxVnL._CR0,204,1224,1224_UX175.jpg', 'https://images-na.ssl-images-amazon.com/images/I/8108yOOApgL._CR0,204,1224,1224_UX175.jpg']",https://www.amazon.com//Garden-Tools-Set-Gardening-Ergonomic/dp/B07QQ3C6L4/ref=sr_1_31?dchild=1&keywords=gardening&qid=1596849184&sr=8-31,N/A,N/A
11,gardening,"Bee's Knees Gardening Knee Pads Back in Stock! with Soft Foam and Adjustable Straps, Durable and Soft Knee Protection. Water-Resistant Cleaning Floors, Working in Garden, Gardening",B0812D9YX9,Bee's Knees,"Patio,Lawn&Garden
›
Gardening&LawnCare
›
Gloves&ProtectiveGear
›
KneePads&KneelingCushions",Brand: Bee's Knees,16.99,https://images-na.ssl-images-amazon.com/images/I/61dAJsGf0EL._AC_SX466_.jpg,N/A,https://www.amazon.com//Bees-Knees-Adjustable-Protection-Water-Resistant/dp/B0812D9YX9/ref=sr_1_35?dchild=1&keywords=gardening&qid=1596849184&sr=8-35,N/A,N/A
12,gardening,"Sloggers Women's  Wide Brim Braided Sun Hat with Wind Lanyard - Dark Brown -  UPF 50+  Maximum Sun Protection, Style 442DB01",B0031YQCTK,Sloggers,"Clothing,Shoes&Jewelry
›
Women
›
Accessories
›
Hats&Caps
›
SunHats",Brand: Sloggers,32.36,https://images-na.ssl-images-amazon.com/images/I/810RudAxfhL._AC_SX466_.jpg,"['https://images-na.ssl-images-amazon.com/images/I/81KyURYswNL._CR144,0,1277,1277_UX175.jpg', 'https://images-na.ssl-images-amazon.com/images/I/81MR-0yFYjL._CR37,0,1377,1377_UX175.jpg', 'https://images-na.ssl-images-amazon.com/images/I/815hXi0+lPL._CR412,0,1060,1060_UX175.jpg', 'https://images-na.ssl-images-amazon.com/images/I/71rC8Q23JXL._CR0,204,1224,1224_UX175.jpg']",https://www.amazon.com//Sloggers-Womens-Wide-Braided-Lanyard/dp/B0031YQCTK/ref=sr_1_38?dchild=1&keywords=gardening&qid=1596849184&sr=8-38,442DB01,N/A
13,gardening,Marijuana Horticulture: The Indoor/Outdoor Medical Grower's Bible,187882323X,N/A,"Books
›
Crafts,Hobbies&Home
›
Gardening&LandscapeDesign",Jorge Cervantes,26.95,N/A,"['https://images-na.ssl-images-amazon.com/images/I/71FVWp9uaXL._CR0,209,1060,1060_UX175.jpg', 'https://images-na.ssl-images-amazon.com/images/I/71e622FTnCL._CR0,184,1060,1060_UX175.jpg', 'https://images-na.ssl-images-amazon.com/images/I/71vp6FaVH5L._CR0,177,1060,1060_UX175.jpg', 'https://images-na.ssl-images-amazon.com/images/I/714s7-jPFvL._CR0,412,1060,1060_UX175.jpg']",https://www.amazon.com//Marijuana-Horticulture-Outdoor-Medical-Growers/dp/187882323X/ref=sr_1_40?dchild=1&keywords=gardening&qid=1596849184&sr=8-40,N/A,978-1878823236
14,gardening,"Pure Garden 82-VY021 Garden Cart Rolling Scooter with Seat and Tool Tray for We, 17.5x19, Green/Black",B00NR1X42K,Trademark GLB,"Patio,Lawn&Garden
›
Gardening&LawnCare
›
OutdoorCarts
›
GardenCarts",Pure Garden,N/A,https://images-na.ssl-images-amazon.com/images/I/81%2B6CLjfyxL._AC_SX466_.jpg,"['https://images-na.ssl-images-amazon.com/images/I/71CikYRjrVL._CR204,0,1224,1224_UX175.jpg', 'https://images-na.ssl-images-amazon.com/images/I/61Yyg+g-qrL._CR80,0,480,480_UX175.jpg', 'https://images-na.ssl-images-amazon.com/images/I/71GAEwDsy7L._CR204,0,1224,1224_UX175.jpg', 'https://images-na.ssl-images-amazon.com/images/I/51K8wrLozEL._CR0,0,679,679_UX175.jpg']",https://www.amazon.com//Pure-Garden-Rolling-Scooter-Gardening/dp/B00NR1X42K/ref=sr_1_41?dchild=1&keywords=gardening&qid=1596849184&sr=8-41,82-VY021,N/A
15,gardening,"Gaia's Garden: A Guide to Home-Scale Permaculture, 2nd Edition",1603580298,N/A,"Books
›
Crafts,Hobbies&Home
›
Gardening&LandscapeDesign",Toby Hemenway,21.21,N/A,N/A,https://www.amazon.com//Gaias-Garden-Guide-Home-Scale-Permaculture/dp/1603580298/ref=sr_1_48?dchild=1&keywords=gardening&qid=1596849184&sr=8-48,N/A,978-1603580298
